scenario,generations,final_sheep_fitness,final_wolf_fitness,final_50_mean_sheep_fitness,final_50_mean_wolf_fitness,best_sheep_fitness,best_wolf_fitness
Test 1: fear only,300,77.1357962763264,28.01,102.95167671532839,14.93,145.41975522113646,48.010000000000005
Test 2: cluster only,300,145.27862076362766,8.01,101.36237941575511,23.37,162.38046699856832,46.01
Test 3: wolf fear + protection,300,74.61487678244326,32.01,30.829068616549534,43.17000000000001,75.52204918853508,48.010000000000005
Test 4: safety seeking,300,107.14646651818111,10.01,87.4234054713524,17.13,130.2011624039678,46.01
Test 5: realistic trigger,300,74.36056679667864,32.01,78.28087066900757,31.25,144.81783146648345,48.010000000000005
